<?xml version="1.0" encoding="UTF-8" ?>
<pyCAR>
    <control skin="control.png">
        <items>
            <item name="Home" x="19" y="377" w="60" h="60" eval="home_button" value="" image="home.png" alt="" class=""></item>
            <item name="Mute" x="20" y="290" w="60" h="50" eval="mute" value="" image="mute_on.png" alt="" class=""></item>
            <item name="VolumeDown" x="20" y="190" w="60" h="60" eval="volume" value="down" image="volume_down.png" alt="" class=""></item>
            <item name="VolumeUp" x="20" y="90" w="60" h="60" eval="volume" value="up" image="volume_up.png" alt="" class=""></item>
        </items>
    </control>
    <home skin="main.png">
        <items>
            <item name="mp3" x="10" y="140" w="270" h="60" eval="main_button" value="1" image="" alt=""></item>
            <item name="radio" x="10" y="250" w="270" h="60" eval="main_button" value="2" image="" alt=""></item>
            <item name="phone" x="10" y="360" w="270" h="60" eval="main_button" value="3" image="" alt=""></item>
            <item name="navigation" x="420" y="140" w="270" h="60" eval="main_button" value="4" image="" alt=""></item>
            <item name="a2dp" x="420" y="250" w="270" h="60" eval="main_button" value="5" image="" alt=""></item>
            <item name="setup" x="420" y="360" w="270" h="60" eval="main_button" value="6" image="" alt=""></item>
        </items>
    </home>
</pyCAR>